Temperature[degC],LinearST,LinearAS,LinearSTReverse,LinearASReverse
25.14,278,1869,2344,-698
25.14,2416,78,1666,-526
25.14,1459,1414,2047,3683
25.14,2955,-1052,2807,-60
25.14,1444,693,3520,2214
25.14,1639,893,2733,1863
25.14,2467,2552,2516,2384
25.14,4462,2209,3348,1459
25.14,3854,1676,4712,3154
25.14,1400,1506,2484,-672
25.14,4048,3669,262,1196
25.14,2610,2876,6182,3046
25.14,5761,-84,3676,5934
25.14,4461,4247,4020,2611
25.14,3704,1728,5032,615
25.14,3230,2305,3434,2489
25.14,4669,5086,5620,3070
25.14,2973,4912,5020,1320
25.14,5266,2879,805,4911
25.14,6215,2725,5455,461
25.14,1806,1565,5705,5971
25.14,4736,3273,4984,5685
25.14,2693,4045,3766,5263
25.14,6279,2814,5328,3114
25.14,4393,6143,3826,5634
25.14,7369,1528,5353,2932
25.14,3987,5069,9394,5308
25.14,8290,5400,7181,3470
25.14,7433,5843,6443,7500
25.14,7027,3487,8925,4808
25.14,6642,4988,4627,6166
25.14,7903,5600,9011,5610
25.14,6666,5260,8771,6945
25.14,7938,7111,7942,7140
25.14,8872,7314,5235,3932
25.14,8308,4729,8996,4313
25.14,8958,8875,9336,3928
25.14,10354,6968,9348,6716
25.14,10852,4181,11824,9100
25.14,5898,8010,9061,5612
25.14,9472,9280,11386,6377
25.14,8647,10291,12446,6447
25.14,10408,9217,7743,9595
25.14,9200,6763,10719,6914
25.14,12058,6909,11257,8344
25.14,12265,10482,9005,6385
25.14,10777,2391,10909,8332
25.14,12943,10523,10895,9569
25.14,13649,5471,15625,5869
25.14,16773,8787,15072,12795
25.14,16124,943,17376,206
25.14,12696,12279,14506,13462
25.14,14897,702,16128,2846
25.14,17387,8497,14331,7461
25.14,15916,6177,17744,6827
25.14,15878,6515,17240,6992
25.14,17195,5484,18488,2611
25.14,16365,4163,16452,1635
25.14,13882,9547,15616,9353
25.14,11344,2651,10522,7238
25.14,9490,13376,11751,12209
25.14,14905,11655,15749,15106
25.14,17630,11217,19323,12401
25.14,20344,12475,20931,18849
25.14,15220,5585,18607,3509
25.14,16553,8383,15041,7610
25.14,14630,4551,15779,8250
25.14,21301,5960,19611,8302
25.14,21468,17550,19658,14389
25.14,18654,10394,16958,9816
25.14,16295,10299,19492,5853
25.14,17104,15362,16147,15059
25.14,19456,13044,21917,9656
25.14,20506,16536,18618,15029
25.14,26113,12880,25155,9590
25.14,20542,7180,21790,9343
25.14,15943,4698,12382,1615
25.14,8039,-48,11613,1728
25.14,11836,6307,15516,3193
25.14,9909,-2852,7758,-2286
25.14,5872,-8342,2610,-12717
25.14,4399,-3751,4494,-9792
25.14,9438,-3523,4716,1079
25.14,9282,-10589,6248,-8206
25.14,7319,-6758,4896,5774
25.14,1782,-6339,7366,-5134
25.14,2949,-4302,3561,-4548
25.14,7504,-6720,4880,-8064
25.14,5392,-788,6738,-1347
25.14,6741,-4780,6122,-2755
25.14,8763,-9405,8096,-13764
25.14,10885,-1122,11955,997
25.14,11943,-9928,13745,-8112
25.14,7368,-12130,5180,-6395
25.14,2808,-7924,6800,-6019
25.14,8798,-12249,9365,-11336
25.14,10833,-8540,9281,-5073
25.14,-796,-11638,-786,-10585
25.14,-1126,-21431,124,-19713
25.14,3910,-19076,7841,-16288
25.14,3239,-14600,2168,-10670
25.14,850,-20047,1907,-15617
25.14,1527,-18802,-2517,-14794
25.14,2094,-12392,1507,-10236
25.14,1184,-18767,5183,-13608
25.14,7313,-10077,5318,-5157
25.14,-63257,-15194,-62754,-17353
25.14,280241,-72717,278968,-80550
25.14,-189227,-46034,-190274,-50378
25.14,3098815,3348563,3103626,3354603
25.14,5191545,3525569,5197279,3530270
25.14,5345351,4655113,5343897,4656099
25.14,5330290,4015621,5334961,4011054
25.14,5308166,4250812,5311434,4244520
29.71,5340043,3880276,5340190,3874514
15.18,5098069,4537196,5106179,4533223
47.30,5381074,3825291,5385173,3823400
12.13,5230393,4131503,5234026,4125874
27.64,5214278,4182566,5213088,4187563
30.06,5259330,4143542,5259577,4154498
27.27,5299967,3932289,5303091,3939457
18.28,5165801,4264540,5170433,4277484
34.71,5256582,4098935,5253915,4097434
25.74,5280030,4017775,5284847,4020202
22.06,5210815,4135589,5212182,4141522
28.50,5218919,4161398,5222591,4164444
29.24,5279215,3989514,5279588,3990700
21.08,5203886,4115594,5208343,4115976
28.00,5209718,4131068,5219079,4137111
28.43,5258112,4017665,5265294,4019134
22.78,5218048,4048509,5223903,4052152
25.11,5187253,4137865,5191030,4138679
29.41,5233060,4035140,5237662,4018221
24.20,5215249,4038347,5224454,4030114
24.86,5188739,4119236,5194526,4109946
28.72,5217131,4045145,5225959,4047018
25.09,5223045,3999039,5219675,4009304
23.20,5188164,4087381,5187784,4081363
27.58,5207697,4066529,5205413,4063859
26.23,5206687,4013157,5212529,4015307
24.26,5183965,4047699,5185436,4049501
26.25,5179020,4048331,5191238,4048719
26.44,5193230,3998165,5204002,4007612
24.13,5177034,4022360,5182519,4029402
25.54,5169784,4036280,5176528,4042211
26.31,5182170,3990752,5181587,3986613
24.23,5165172,4001906,5172388,4004514
25.17,5157369,4024030,5158585,4018392
26.26,5171711,3983462,5166844,3991492
24.31,5155981,3977974,5165546,3979644
24.58,5146144,4004245,5145142,4011182
25.89,5154112,3986906,5157483,3994446
25.01,5155607,3971368,5155113,3979752
24.39,5140503,3998647,5147373,3997151
25.89,5148154,3990221,5148748,3988420
25.36,5141643,3970506,5151050,3974613
24.82,5132280,3977486,5133107,3976674
25.38,5124084,3971629,5132083,3976997
25.42,5127694,3964101,5130457,3958075
25.04,5123861,3970478,5129885,3966701
25.41,5118589,3967610,5124616,3980779
25.48,5117452,3957528,5120843,3963566
25.14,5118880,3955301,5118244,3956331
25.03,5117403,3962054,5111000,3963077
25.35,5112002,3948136,5119523,3950206
24.99,5108309,3944113,5101258,3946138
24.96,5105005,3945200,5106819,3946551
25.12,5097948,3942109,5105557,3945635
25.23,5103417,3937908,5102390,3935464
24.92,5091994,3935553,5093778,3940355
25.19,5088793,3925344,5093097,3935551
24.90,5089606,3924787,5094978,3915812
24.87,5077481,3918578,5082609,3927825
25.01,5073312,3912210,5078002,3917499
24.91,5071470,3901222,5078561,3901200
24.55,5066024,3919682,5069794,3917266
25.45,5072834,3916749,5068047,3917266
25.15,5068615,3901321,5062313,3902376
24.69,5062542,3914051,5066131,3906490
25.39,5053710,3906839,5058301,3899498
25.39,5054258,3892277,5061320,3904801
24.82,5053070,3896092,5049997,3895111
25.02,5046821,3895708,5055559,3902997
25.22,5045299,3888373,5053653,3895688
24.99,5047649,3886558,5044917,3880503
24.87,5043149,3882275,5046785,3891363
24.85,5043308,3876780,5037704,3883931
24.65,5026783,3877531,5028067,3874557
25.19,5026361,3873957,5026607,3875253
25.08,5029495,3872554,5028763,3877951
24.95,5022877,3870175,5032736,3871119
25.07,5017833,3877235,5020047,3868402
25.52,5017935,3868425,5016366,3857787
25.19,5008195,3858273,5020256,3856869
25.10,5005843,3856755,5008231,3856311
25.13,5004251,3857938,5010678,3858542
25.24,4999691,3848267,5007531,3854740
25.02,5002160,3841173,5006938,3849991
24.68,4997247,3847727,4998970,3842993
25.10,4996153,3847285,4996969,3838674
25.14,4991088,3835862,4994229,3838613
24.86,4983487,3847239,4993757,3845289
25.56,4981135,3831151,4983015,3826956
25.01,4978660,3826233,4982610,3830115
24.90,4967909,3826182,4979939,3826631
25.25,4969985,3820071,4968916,3826243
24.96,4969152,3818877,4973239,3812885
24.95,4962515,3812625,4969072,3819460
24.92,4959238,3820455,4958649,3806399
25.36,4958454,3816031,4963931,3809783
25.22,4952688,3809011,4964454,3821006
25.13,4945375,3795904,4957712,3810729
24.85,4950314,3805629,4948401,3804586
25.11,4940223,3803430,4944435,3808030
25.35,4937740,3800229,4946559,3810486
25.31,4931561,3783651,4945039,3798879
24.85,4933569,3790151,4940102,3797720
25.07,4933272,3793881,4928627,3791055
25.24,4926467,3779457,4932442,3795875
24.89,4931728,3792253,4923351,3783862
25.26,4920168,3777080,4920560,3783262
25.02,4914396,3772154,4920057,3783043
25.02,4923315,3781821,4924943,3783678
25.15,4907733,3772852,4915889,3788618
25.29,4907370,3767645,4914076,3776140
25.11,4904420,3765588,4909995,3764914
25.13,4907080,3763669,4909779,3771351
24.99,4901186,3768439,4904895,3767643
25.38,4897974,3751671,4903439,3765717
24.82,4895532,3753952,4899319,3762462
25.01,4889842,3748898,4895039,3749891
25.00,4893055,3747739,4895911,3757273
24.87,4886517,3747902,4890639,3758665
25.09,4884036,3742272,4889142,3756327
24.96,4882889,3742688,4885531,3746332
25.03,4878931,3741230,4875213,3744073
25.11,4868431,3727801,4883455,3738036
24.91,4869683,3731817,4883815,3746505
25.05,4869299,3734372,4873774,3729401
25.18,4873071,3729037,4867054,3741457
24.86,4864339,3731854,4875236,3732666
25.27,4860313,3715798,4869844,3724249
24.76,4851176,3726782,4852387,3725733
25.51,4859407,3708182,4858727,3729426
24.51,4856772,3720291,4857885,3733436
25.10,4846341,3718510,4849397,3720676
25.37,4844980,3708584,4840877,3713656
25.03,4842749,3707712,4847374,3710218
25.08,4835255,3697965,4844481,3711442
24.93,4836818,3707741,4835944,3710844
25.30,4834663,3697738,4835597,3708163
24.97,4827415,3696100,4830610,3709216
25.15,4823538,3690744,4817427,3703196
25.07,4821408,3698100,4821307,3694594
25.46,4821210,3697736,4817528,3693131
25.47,4815328,3684020,4813901,3697359
25.10,4816963,3688966,4814453,3695225
25.27,4810453,3683318,4809730,3681582
25.26,4809068,3682422,4803127,3689709
25.29,4802705,3683518,4800004,3688434
25.55,4808027,3675039,4804824,3680378
25.05,4799563,3676049,4796317,3685745
25.38,4802443,3668243,4801765,3675215
24.98,4793410,3667590,4807004,3676878
25.25,4791363,3674010,4796591,3672542
25.60,4790201,3664438,4788136,3665953
25.26,4788039,3662413,4789360,3671492
25.26,4779401,3658322,4788135,3666257
25.38,4779486,3659345,4778093,3666895
25.44,4782242,3651228,4776909,3656569
25.03,4774153,3650765,4775126,3665916
25.29,4768445,3650572,4772272,3662397
25.48,4767193,3645745,4769711,3655306
25.33,4765964,3640023,4770185,3646584
25.15,4763400,3637289,4760515,3647766
25.13,4758795,3634323,4759443,3646552
25.17,4755154,3637734,4758631,3640182
25.45,4755709,3637692,4754575,3637696
25.45,4754785,3638032,4749268,3645834
25.51,4747949,3627865,4756248,3643114
25.32,4747226,3628839,4747161,3639262
25.40,4737877,3626767,4751241,3635014
25.63,4739449,3623647,4745678,3632718
25.47,4740272,3619279,4739954,3636026
25.27,4731759,3625129,4738023,3628802
25.81,4731807,3615619,4738393,3622399
25.43,4724787,3612004,4734662,3624218
25.52,4729331,3612631,4732526,3625329
25.41,4725409,3610492,4729903,3619519
25.47,4720091,3600320,4731393,3620862
25.23,4713034,3600898,4724925,3615089
25.50,4713867,3594617,4722861,3613881
25.22,4710272,3597234,4719442,3611072
25.46,4709398,3595418,4712688,3618630
25.43,4706109,3598905,4708648,3607750
25.70,4704613,3596040,4709110,3607062
25.65,4701335,3594848,4711590,3602381
25.72,4702819,3595186,4704153,3606696
25.70,4697407,3589638,4701956,3605679
25.66,4696306,3576651,4698139,3602334
25.16,4695142,3581554,4701752,3597481
25.43,4696681,3586914,4697661,3602825
25.62,4683210,3576858,4692574,3592660
25.65,4675079,3572655,4684851,3593635
25.75,4680998,3577385,4687288,3587357
25.78,4676848,3568792,4684240,3588649
25.56,4672542,3573180,4682242,3590669
25.91,4671243,3568853,4677412,3587076
25.78,4662993,3561593,4675753,3581007
25.76,4698192,3602117,4709262,3611497
26.36,4246065,3273639,4254212,3287064
27.23,4386414,3420187,4466197,3514929
29.00,3847624,2944352,3145628,2621825
26.12,3130965,2379914,78394,162649
25.65,3071040,2302950,-7670,-32776
23.53,3074591,2295456,5819,-26254
22.86,3082124,2304794,35792,-14404
23.12,3075017,2303744,45906,10485
23.42,3074222,2297207,45375,10187
23.03,3067517,2296930,52890,16427
23.37,3062441,2295154,49062,12961
23.52,3062824,2304274,48118,17777
24.13,3051555,2285524,44688,19060
23.44,3056198,2280434,37536,11241
22.87,3050850,2285757,37692,7085
23.52,3049452,2273513,28969,11612
22.77,3036562,2273160,25490,3925
23.42,3042734,2275455,19538,5188
23.27,3030646,2280220,20618,2251
24.23,3025640,2269450,17761,260
23.76,3029876,2265114,16997,3104
23.26,3030289,2271698,14167,6439
23.70,3029852,2267287,10799,6330
23.43,3022447,2263438,12087,3867
23.56,3024013,2271480,12407,1445
24.05,3023207,2262058,5695,-2007
23.46,3016415,2258196,5529,-1817
23.55,3013039,2258011,3470,687
23.73,3011451,2261190,3516,-2594
24.04,3012877,2255558,6173,-464
23.59,3007081,2252079,3019,-706
23.66,3004655,2244337,-1560,-3162
23.27,3003959,2237780,478,-5164
22.86,3001347,2238074,2481,-1876
23.03,2999625,2243827,-2324,-609
23.53,2994030,2243492,3113,-5846
23.81,2989251,2236592,-2004,-1239
23.59,2990625,2244258,-759,7233
24.07,2991640,2243111,-1582,-1150
23.95,2992405,2235680,-547,-201
23.40,2986489,2234037,-1261,2053
23.61,2986405,2230132,1227,3108
23.35,2985492,2232184,-2559,743
23.56,2982351,2229888,-3637,-2603
23.57,2985951,2232113,-3433,3145
23.55,2982085,2237730,-7313,-619
24.16,2976355,2231118,-1720,-2842
24.01,2973643,2233455,-3591,-3023
24.33,2976415,2228933,-4683,1143
23.88,2967836,2231592,-5491,-1037
24.53,2966123,2226443,-2362,3222
24.28,2966419,2217810,-2041,-3291
128.62,2959075,2220749,-3375,-54
39.66,3058848,2305884,-3098,502
30.32,385954,584278,-1871,-2257
27.42,-20951,-17552,-2987,1249
26.25,3045,-12227,-4942,-3229
26.03,5736,-16349,-3580,-2500
26.22,27532,-2458,-2870,375
26.19,32247,5792,-4000,-2849
26.03,36508,11723,-5333,-3178
25.85,32499,14138,-4138,-2649
26.18,29408,6721,-696,-530
25.87,28366,8257,-4551,-909
26.12,24744,4129,-3341,-1629
25.74,21309,8176,-3030,2790
26.05,14443,7476,-3136,1997
26.05,13050,1819,-3069,-5111
26.01,12016,5525,-1730,-1666
25.56,16913,251,-5751,1482
25.83,10196,5312,-5373,-923
25.85,12562,2350,-4565,-5388
26.17,7100,-2091,-1818,-1178
25.61,5122,1201,-4075,723
25.60,5547,-2222,-3965,-2069
25.57,2129,-707,-3254,-1922
25.59,2700,-1459,-4807,-3295
25.56,3432,-4581,-3708,-1938
25.70,252,-3860,-3600,-3418
25.57,-1022,-4780,-3113,-3505
25.36,2854,-1062,-5768,-2059
25.62,-3465,-2216,-4145,-3160
25.85,-5694,-4127,-5055,-2624
25.50,-2919,-1562,-5545,-4165
25.41,-3639,1380,-3497,-774
25.70,-2257,-6086,-5387,-1048
25.55,-4836,-6170,-5800,-3276
25.87,-2658,-3824,-6613,-3430
25.34,-4095,-5128,-5175,-3834
25.30,-5734,1900,-6371,-2755
25.52,-2807,2141,-2607,-1590
25.52,-4150,101,-4777,-2109
25.15,-2404,-1442,-5459,-3760
25.51,-3391,199,-3033,-2967
25.71,-4271,-902,-4095,-3205
25.74,-2383,302,-4771,-3706
25.28,-4136,-2988,-4395,-4247
25.66,-3824,1756,-5215,-2701
25.29,-3924,-3582,-3249,-1325
25.45,-4710,-4068,-5017,-2238
25.24,-4610,-3233,-3959,-1583
25.23,383,1228,-4180,-4950
25.06,-2826,-5392,-5158,-825
25.14,-6362,-1281,-4324,-3549
25.74,-4673,-4550,-3298,-2964
25.23,-2013,-385,-2934,-2643
25.70,-4942,-4320,-4600,-2884
25.63,-1331,40,-576,-3129
25.07,-6071,-1840,-3370,-3819
25.47,-4273,-3384,-5355,-2463
25.56,-4945,-3501,-3242,-3292
25.25,-4586,-2656,-3306,-3844
25.17,-2290,-1100,-3810,-2823
25.63,-3989,-3459,-2889,-3967
25.45,-2158,-3494,-3182,-2280
25.23,-4712,-816,-2761,-3411
25.31,-2637,233,-4578,-3707
25.05,-4867,-145,-4608,-3802
24.89,-4657,-1780,-2889,-1933
25.22,-4760,-1058,-3493,-4473
25.22,-4277,-1718,-4135,-4256
25.46,-5307,-1767,-5189,-2154
25.25,-3944,-994,-3066,-3468
25.29,-5229,195,-3925,-4808
24.66,-2867,-1086,-4084,-1632
24.82,-3924,-3550,-3906,-2740
25.42,-4549,-1739,-4007,-2116
24.70,-5011,399,-3919,-2396
25.06,-2637,-3297,-2371,-3026
24.71,-1681,-3721,-3530,-2229
25.20,-3928,-3939,-2395,-894
24.95,-6892,-469,-3634,-5714
25.23,-6664,-4275,-3950,-531
25.26,-5212,-726,-1926,-1811
25.02,-3857,-3689,-3736,-3399
24.73,-4508,-4282,-3499,-969
25.09,-3663,-4109,-3025,-1973
25.08,-3938,-4368,-2315,-4081
25.09,-3578,-1926,-4108,-2577
25.08,-6279,-3106,-1757,-4000
24.79,-2466,-2119,-1185,-988
25.10,-6243,-2244,-2114,-2679
25.53,-3944,-5502,-1762,-2431
25.03,-4331,-2044,-4350,-2307
25.14,-3286,-5331,-3958,-3495
25.12,-4238,-2338,-2230,-3433
25.04,-2994,-2147,-3038,-4737
25.22,-3325,-4319,-4646,-158
25.13,-4463,-4540,-1258,-3880
25.03,-4915,-3726,-2867,-1645
24.91,-2741,-1512,-2991,-2065
25.31,-3999,-3907,-4664,-1840
25.26,-5570,-3319,-2527,-1908
24.98,-4173,-3795,-3080,-795
24.92,-3239,-1424,-2648,-1880
25.11,-3856,-4232,-3178,-1365
24.66,-3464,-2787,-2428,-701
24.67,-4388,-3522,-2271,-3151
24.85,-3538,-4411,-2726,-3055
24.45,-2090,-3161,-3076,-2585
25.09,-4595,-3146,-2322,-3533
24.76,-2495,-3603,-2857,385
24.80,-4164,-3655,-1132,-2891
24.64,-3478,-2254,-2254,-2960
25.02,-5611,-2096,-3117,-2687
24.73,-3837,-1661,-3804,-2399
24.63,-2895,-1111,-3454,76
24.72,-2943,-3527,-2171,-1688
24.74,-4828,-2216,-3187,-1339
24.89,-2541,-2106,-2671,-4541
24.93,-4168,-4255,-2378,-766
24.90,-3831,-2177,-3027,-2043
24.54,-3225,-4100,-2281,-656
24.68,-4049,-3111,-4009,-3549
24.97,-1352,-677,-1967,-759
24.67,-3818,-3132,-3459,335
25.04,-4346,-3402,-1885,-1715
24.98,-2864,-3045,-2972,-4541
24.90,-2745,-3368,-1841,-343
24.96,-2723,-1004,-3846,-2843
24.96,-4507,-5341,-2699,-2618
24.57,-3024,-3931,-2762,-4055
24.88,-4957,-2144,-2814,-1911
25.09,-3436,-728,-2582,-3043
24.94,-2001,-3009,-1705,-3860
24.96,-4953,-2616,-3989,-1448
24.82,-3914,-2886,-2576,-668
24.84,-3135,-3146,-1655,-1935
24.78,-3581,-997,-4056,-4022
25.17,-3488,-3306,-2642,-1418
25.10,-3323,-458,-3962,-215
24.20,-2590,-3091,-760,-2810
24.83,-2600,-6328,-3158,-3557
25.08,-2041,-2007,-2488,-1805
24.22,-5061,-3856,-2175,-278
25.03,-4390,-2109,-1601,-3245
25.18,-1966,-3563,-3603,81
24.71,-2559,-3501,-2449,-1760
24.99,-2516,-2432,-3330,-1556
24.97,-3181,-2069,-3848,-4114
25.11,-3972,-757,-2584,-2128
24.70,-2517,-4442,-814,-2755
25.44,-2139,-1495,-1563,-2810
24.94,-3334,-2488,-3760,-965
25.13,-3481,-3547,-3763,-3847
25.66,-3352,-1341,-1919,-2472
24.94,-2432,-3717,-4008,-844
24.58,-5025,-1582,-3081,-1462
25.24,-2779,-5575,-4486,-3378
25.18,-4185,-313,-3049,-191
24.55,-1660,-2206,-2915,-2439
25.13,-2728,-1769,-3662,-1686
25.49,-3198,-4370,-3846,-1487
24.58,-2122,-4114,-1940,-1425
25.05,-4455,-2306,-2573,-4490
26.04,-3357,-2955,-5022,-3569
24.22,-3823,-2249,-3279,-624
24.61,-1567,-3100,-2210,-4126
25.86,-3455,-2562,-2618,-1623
24.91,-3274,-1539,-1076,-2658
23.94,-2906,-2895,-3732,-1760
26.19,-2958,-2101,-2279,-1421
25.51,-166,-2949,-1903,-3011
24.04,-3191,-3977,-3698,-2025
25.95,-3358,-1877,-3204,-3067
26.13,-2319,-2166,-3299,-1556
24.03,-2960,-849,-2960,-1039
26.05,-2437,-1236,-2236,261
27.22,-2014,-4338,-2770,40
23.54,-3778,-4923,-3944,-2700
24.76,-2764,-1466,-2006,-1469
28.04,-2814,-1909,-1656,-1469
24.14,-1825,-1581,-2102,-3237
23.29,-3823,-2329,-3069,-1686
29.18,-2738,-892,-2931,-555
24.93,-3249,-2636,-2724,-2321
22.49,-3747,-1143,-2089,-1806
28.23,-3152,-2013,-1894,-4370
27.74,-2145,-2541,-1960,-1490
20.97,-1171,-3619,-2296,-3138
29.10,-3353,-1857,-3494,-541
28.53,-1827,-232,-3160,-3349
21.87,-2814,-904,-3646,-1229
25.61,-4271,-1322,-2293,-1562
34.90,-2613,-72,-2157,-2639
18.32,-2098,-1103,-544,-2875
27.53,-4406,-5455,-3209,-2555
30.13,-1817,-731,-1629,-2436
27.18,-1811,-1932,-4388,-1629
11.82,-4788,-1246,-2536,-3749
46.71,-1858,-3237,-2532,-5019
14.83,-2934,-2644,-2650,-3578
29.23,-2638,-688,-1864,127
19.95,-2923,-3095,-1430,-3378
43.39,-3384,-2048,-3215,-122
5.73,-3209,-998,-2821,-1544
85.28,-3720,-2319,-3173,-4049
68.98,-2698,-1381,-4246,-573
-200.00,-3887,-4164,-2907,-1927
68.98,-1779,-1838,-2452,-1082
-195.48,-4919,-2523,-2566,-1597
-195.31,-2418,-536,-2520,-431
-188.56,-1551,-3224,-2808,-2548
-147.28,-3796,-1984,-2395,-1345
-189.60,-1002,-4070,-1580,-1572
-190.22,-3464,-2463,-1358,-2756
-198.13,-3482,-2622,-760,452
-183.80,-3713,-2807,-1869,-603
-178.79,-2425,284,-2563,-4042
-199.32,-1226,-1400,-950,-1670
-199.38,-2646,-581,-2647,-1857
-197.15,-4089,-1696,-2106,-916
-195.31,-2418,-2706,-2897,-992
-200.00,-2910,-2407,-2995,-4249
-90.74,-2691,-2465,-2454,-454
-198.36,-3633,-2029,-867,-906
-196.43,-3158,-1549,-2984,-675
-126.08,-3160,-3313,-2424,-2697
-194.92,-3344,-1009,-2765,-1323
-192.94,-724,-3205,-2638,-1713
-197.70,-2609,-2118,-2253,-2776
75.45,-2994,-2542,-1664,-1150
-196.57,-3725,-1204,-2765,-2521
-40.85,-3419,-2489,-3446,-3642
-194.39,-2876,-810,-2331,65
-191.17,-3421,-3020,-1857,-1258
-185.83,-1499,-102,-668,-1237
-72.59,-3673,-2881,-1754,-2557
-77.26,-4021,-3068,-3606,724
-82.34,-2156,1115,-2678,-2624
-35.54,-1920,-2509,-2725,-2658
-45.42,-3089,-3290,-3774,-121
30.36,-2328,-2737,-1726,-4672
-33.46,-4045,-2017,-2286,-1024
51.14,-1795,-1608,-1572,-2496
-58.04,-3253,-1410,-1455,-1733
-7.81,-2151,-2684,-3454,-381
17.57,-1859,-2859,-2406,-495
-35.64,-3853,-1060,-3181,-2597
-16.75,-3315,-1429,-1791,417
-19.22,-2655,-1927,-2433,-787
-79.20,-3220,-869,-2585,-641
46.47,-1225,-1866,-634,-1971
2.27,-4115,-2523,-1947,-1935
55.48,-2374,-3559,-4428,-4299
66.72,-831,-450,-751,-964
11.87,-3041,-1430,-3613,-2771
-4.02,-2384,-469,-2323,329
-95.69,-1772,-2283,-3128,-695
-89.03,-2717,-743,-2690,-887
-37.59,-1919,-3589,-1449,-2621
-41.55,-2111,-4099,-3059,-3683
-16.41,-2280,-2699,-287,-1287
-79.07,-3239,-1877,-1860,-2060
49.98,-320,-2343,-1659,-544
-118.68,-3093,-4385,-1694,-3895
37.10,-2335,-1237,-927,-2294
-41.76,-2722,-2373,-2193,-1508
41.07,-1301,-2306,-1714,-982
23.42,-5657,-2627,-1343,-1097
15.55,-2746,-3049,-2172,-2747
19.90,-2424,-2270,-3212,-2149
5.23,-3802,-763,-1743,-486
92.19,-1908,-791,-762,-305
-15.70,-3744,-2944,-1958,-2654
-8.31,-2544,-1577,-2747,-805
2.30,-2645,-2707,-2937,-605
24.26,-2195,-370,-2288,-1092
16.83,-1973,-4153,-1419,-646
-27.81,-2378,253,-2354,850
-18.44,-1394,-899,-1413,-1321
22.62,-3320,-2509,-667,-81
43.04,-2039,-1141,-2738,-1308
27.73,-417,-1223,-2166,-260
2.81,-2932,-1774,-1943,-3145
93.37,-2975,-3185,-1469,-1973
-9.52,-3433,-3178,-2395,673
78.22,-880,-5402,-623,-2299
-15.15,-3536,789,-3638,-150
-6.05,-1542,-1043,-2053,-2413
-3.04,-2768,-2725,-3223,-2690
104.46,-2796,-1587,-1458,-2249
1.65,-824,-1675,-2238,-365
95.24,-4200,-413,-711,-2248
70.91,-1028,-4048,-576,-2367
60.73,-993,-1288,-763,-953
-64.88,-3283,456,-2753,-18
280.62,-1159,-3099,-2799,-968
-38.14,-3472,198,-2003,5
-3.76,-2278,-1297,-1760,133
20.66,-2402,-1900,-1911,-2263
-56.80,-2893,-373,-2956,-516
11.69,-1988,-3374,-3646,-1071
119.49,-1942,-2227,-1220,-1237
-11.92,-1621,-1827,-3311,-620
88.27,-2359,-2786,-921,-1181
-70.64,-3553,-2818,-370,144
13.01,-1614,-2014,-2939,-1415
-9.29,-1799,-3405,-1587,-2123
41.66,-3276,-2505,-2366,-55
17.35,-478,-394,-1270,-2566
10.42,-2317,-2598,-1644,706
-51.22,-3242,-1455,-2414,-1616
110.16,-1915,-2490,-1093,-2290
-51.81,-2026,2062,-2548,-724
-69.90,-2652,-1818,-1119,-1083
-69.90,-2041,-2249,-2138,376
73.67,-2140,-111,-2495,-2331
73.67,-2762,-1709,-1794,-1218
73.67,-836,-3053,-1635,-2648
73.67,-1131,-910,-2071,-2327
73.67,-460,-170,-1845,-1539
73.67,-1204,-2026,-1827,-1655
73.67,-1491,-2028,-2063,1189
73.67,-1799,-1260,-2033,-801
73.67,-1717,368,-2819,-2982
73.67,-3108,-1019,-179,-1128
73.67,-2128,-1733,-3427,-1809
73.67,-4717,-2382,-587,-61
73.67,-166,-910,-1414,1404
73.67,-1504,-88,-1091,-1906
73.67,-2061,-2082,-2735,-950
73.67,-2792,-703,-1167,-804
73.67,-2270,-18,-1121,176
73.67,-1800,-949,-872,1368
73.67,-1346,-615,-1410,-1983
73.67,-1150,-1736,-637,316
73.67,-588,-1838,-591,802
73.67,-2788,-1163,-1680,-3272
73.67,-1837,-923,-764,-915
73.67,-1442,-22,-441,-1982
73.67,-2549,-2157,-732,-1362
73.67,-1311,-1914,-188,-461
73.67,-225,-2290,-1928,953
73.67,-2193,-1655,-1218,159
73.67,-1847,-1184,-2282,-2213
73.67,-2137,-1422,-1138,1356
73.67,-210,-679,-613,28
73.67,-2186,-3487,-1706,-914
73.67,-2435,-1322,-768,-1975
73.67,-3022,-554,-1286,-276
73.67,-1543,-1949,-2133,-695
73.67,-1961,-1641,-1195,-51
73.67,-1634,-141,-1258,-1245
73.67,-1726,-1165,-2558,-2514
73.67,-758,486,-175,3141
73.67,-2261,-2827,-1838,-1430
73.67,-1562,-1070,-997,-2868
73.67,-1693,345,-1492,-1340
73.67,-2200,-342,-1316,-247
73.67,-279,-2882,-1341,1761
73.67,-183,-814,-1408,-1711
73.67,-2641,90,-1607,-275
73.67,-3191,-1329,1680,-374
73.67,-433,74,-3153,1441
73.67,-295,-3279,-1005,-1477
73.67,-3218,-2661,-1056,1296
73.67,-1546,-288,-961,-2943
73.67,-2808,855,-545,845
73.67,-89,-242,-1530,-793
73.67,-1100,471,-937,-1850
73.67,-397,603,-2583,1738
73.67,-1071,-2898,-903,-613
73.67,-2378,140,-1168,1176
73.67,-643,37,-1936,-596
73.67,824,-1679,-1961,1014
73.67,-1391,1374,-2846,-1737
73.67,-3071,-2459,-631,304
73.67,-378,12,-187,-705
73.67,-1137,782,699,1336
73.67,-776,-1203,-1788,297
73.67,-2150,672,-625,-3040
73.67,-302,665,-990,1000
73.67,-2361,-525,-670,-685
73.67,-2120,-1636,-2775,-85
73.67,-1905,1267,-701,479
73.67,-1061,138,-994,-2666
73.67,-556,-1234,-588,-931
73.67,-566,142,-1610,-2671
73.67,-1617,-780,-1952,98
73.67,-1601,1405,-355,271
73.67,-1195,-2317,-2122,-720
73.67,-2721,-2499,-1984,396
73.67,-904,134,-1144,558
73.67,-1465,154,-36,376
73.67,-1642,-1356,-3193,-999
73.67,-978,-1103,-1719,-1470
73.67,-2620,-1396,848,-530
73.67,-974,262,-1631,378
73.67,-1358,-1571,566,77
73.67,-990,287,-114,-574
73.67,-2860,539,-194,-1507
73.67,-1217,-2063,794,-837
73.67,1234,-1354,-1896,-743
73.67,-2066,-1885,-898,-594
73.67,-723,486,-1281,679
73.67,-1578,1451,190,-1891
73.67,-275,1579,-658,-1671
73.67,-25,-1321,-602,-373
73.67,-2235,1363,-2321,279
73.67,-1393,318,-613,-506
73.67,420,-1010,172,-844
73.67,-1836,-894,-2281,2909
73.67,124,-163,-634,-1392
73.67,-2400,-18,-1253,-1386
73.67,-1141,-831,611,-115
73.67,-2080,-388,-802,-2075
73.67,146,-317,-615,-2693
73.67,-2554,-1338,846,-126
73.67,-1596,400,-1100,-200
73.67,-1069,-1050,-282,-1385
73.67,-1767,-1348,-871,1354
73.67,-433,233,-1113,-968
73.67,-823,-1090,-715,-959
73.67,-2320,-283,-2391,567
73.67,-1331,-44,-54,1692
73.67,-2178,-1452,-760,-688
73.67,710,671,-1445,-1228
73.67,-1553,-444,942,798
73.67,729,-1547,-1025,-841
73.67,-2950,-512,610,-2478
73.67,-2802,-892,-965,-1373
73.67,-66,923,-121,1024
73.67,-931,-1322,-149,812
73.67,-607,-769,-2087,-4123
73.67,-1345,-2022,-1036,-2033
73.67,258,742,-638,380
73.67,-687,-49,-1409,-646
73.67,-339,-1569,-944,804
73.67,-1200,-573,329,-1787
73.67,-262,406,-828,1242
73.67,-323,-1300,-38,-1193
73.67,-524,-1065,-404,-1255
73.67,412,51,-1391,-1262
73.67,-1766,631,13,1938
73.67,-1138,-654,-1153,710
73.67,-327,-1416,-333,-1171
73.67,-221,-704,-1762,-28
73.67,-553,-531,-948,902
73.67,-1164,-1393,11,256
73.67,-450,43,32,-1122
73.67,-1124,-3146,571,-2242
73.67,-676,-814,-306,1193
73.67,-1382,-1686,-557,-1527
73.67,-377,-1292,-1038,-80
73.67,-1735,299,-829,-1139
73.67,-573,-677,-43,-772
73.67,-1370,-1414,-471,741
73.67,-2543,120,-373,505
73.67,1275,-175,-435,109
73.67,-1132,147,-563,-174
73.67,1147,-268,1543,-653
73.67,-68,-392,-1924,708
73.67,-1514,-185,-1127,-340
73.67,599,-1190,-1523,-1127
73.67,-980,2613,-243,-653
73.67,-1200,673,940,347
73.67,-762,-740,-257,-3290
73.67,28,597,-889,3153
73.67,-2503,-1510,-296,-239
73.67,1403,-2004,-945,272
73.67,-1233,301,959,-415
73.67,-379,377,-1400,684
73.67,-1138,-1282,807,-119
73.67,-665,175,533,-418
73.67,-2130,1168,-1062,2140
73.67,-902,-608,-829,-1007
73.67,-931,236,1207,-315
73.67,-248,1644,-976,-460
73.67,-688,648,-449,-1207
73.67,-1253,-515,662,1878
73.67,-1690,815,-926,1079
73.67,-469,-2903,125,-1504
73.67,-801,827,-86,-1850
73.67,-2128,1394,-1868,1346
73.67,317,-83,-301,-931
73.67,-643,219,480,-132
73.67,-373,-1791,604,1713
73.67,387,700,2345,-1209
73.67,-1663,-217,-1207,564
73.67,41,-736,-832,989
73.67,699,-1795,541,1097
73.67,-1086,689,140,-1456
73.67,-801,48,680,1705
73.67,241,-316,-1112,-1499
73.67,-645,-813,-583,2987
73.67,1864,1625,-65,-39
73.67,-87,-1391,733,-693
73.67,1195,1378,1766,-963
73.67,-2834,430,-1650,-657
73.67,330,-388,-657,-651
73.67,-599,660,-1785,1232
73.67,-194,575,389,-456
73.67,-734,206,-738,1700
73.67,-748,-844,-2641,-968
73.67,1349,-736,-594,777
73.67,-1870,-354,499,741
73.67,-1237,-2274,-666,-1456
73.67,-1676,-45,-520,149
73.67,1799,-1658,-604,-818
73.67,302,-135,833,903
73.67,1524,1610,-777,1020
73.67,-1774,-1589,82,101
73.67,-570,-994,-620,463
73.67,320,-1110,103,-970
73.67,-730,-238,-624,840
73.67,-979,1144,-101,-1250
73.67,385,-997,848,-1210
73.67,-831,-164,1256,1035
73.67,-1034,707,-2647,-2003
73.67,936,-1393,1484,-187
73.67,-813,699,-692,-367
73.67,635,543,-1735,-1417
73.67,74,-1301,1558,371
73.67,-1721,-1387,-183,49
73.67,1981,-934,-567,-1275
73.67,-776,1102,-761,78
73.67,-788,2591,-780,1011
73.67,-228,-948,1720,-883
73.67,-132,-645,-1543,331
73.67,876,-80,307,581
73.67,-282,920,-865,-2412
73.67,-157,136,-628,-996
73.67,648,2372,-583,230
73.67,1112,-2654,418,157
73.67,44,2864,1259,1298
73.67,-899,409,-640,-1867
73.67,141,275,550,-899
73.67,-462,-1340,-361,235
73.67,536,1497,738,263
73.67,-1226,310,96,-370
73.67,1044,1087,-3017,2042
73.67,-1935,-977,-276,-2169
73.67,-1258,513,-2012,1591
73.67,-646,-1528,417,927
73.67,1778,477,938,53
73.67,-617,-2002,1051,-1373
73.67,987,485,-2106,-281
73.67,-1595,1084,144,398
73.67,501,798,-1016,-1329
73.67,-1543,-1672,1557,529
73.67,-1393,823,-532,-764
73.67,-32,-2367,-1775,-1432
73.67,-1301,-950,-329,-466
73.67,-24,-338,616,-1118
73.67,-1078,-2071,490,-1465
73.67,1361,210,-409,-507
73.67,-577,-969,1065,-974
73.67,-796,-29,673,-2565
73.67,346,-1190,1363,-651
73.67,-86,-601,2253,-150
73.67,704,954,320,863
73.67,1042,-546,182,-791
73.67,-428,-1115,3,408
73.67,295,1411,406,-638
73.67,632,-465,1101,147
73.67,-512,781,492,-867
73.67,-331,-693,-397,263
73.67,1873,-1319,-610,-1092
73.67,-1451,764,-1380,34
73.67,221,-922,484,1041
73.67,-810,673,1525,734
73.67,146,892,567,-284
73.67,344,-765,-720,-132
73.67,142,1848,70,1555
73.67,429,55,-1341,699
73.67,-348,654,555,1025
73.67,-979,343,-1531,-2402
73.67,-1466,-1081,-533,2610
73.67,980,1128,890,-2477
73.67,-1373,2354,121,163
73.67,-806,291,-1001,1690
73.67,-1930,-137,-1176,-399
73.67,-774,-79,408,-475
73.67,1467,74,19,290
73.67,-1545,165,-1224,-414
73.67,4,761,-95,-508
73.67,908,-1240,-385,1596
73.67,-848,-556,2060,1162
73.67,-139,-347,-847,-1020
73.67,365,3,1183,937
73.67,1242,-546,826,-719
73.67,-417,-1802,-400,-635
73.67,968,-948,130,-443
73.67,-759,1111,-1331,-1204
73.67,-858,-963,1091,-618
73.67,1164,406,-1859,185
73.67,-814,-180,693,-890
73.67,359,-713,-1491,21
73.67,-1843,-2253,598,667
73.67,568,-88,1499,-494
73.67,-1679,1648,21,-1343
73.67,-666,-3192,1574,1627
73.67,1942,554,-1775,-852
73.67,-450,-397,252,964
73.67,-996,-2139,1451,-522
73.67,694,354,-1107,-460
73.67,313,1983,-822,317
73.67,100,-1329,-386,83
73.67,-977,839,-744,-127
73.67,2188,2009,497,-2292
73.67,-358,1492,-383,905
73.67,-434,-85,376,-941
73.67,-222,-1217,-759,-500
73.67,1436,-70,-442,-644
73.67,-816,2232,-376,-864
73.67,1534,-1419,115,-1685
73.67,-527,-389,1417,1113
73.67,-1315,140,-601,-1711
73.67,581,207,1776,314
73.67,-333,-313,-407,-3248
73.67,446,-1582,420,-1021
73.67,1651,110,-362,-1145
73.67,-832,-370,-1150,814
73.67,-542,-226,331,-28
73.67,838,1615,-641,-1823
73.67,-886,-1850,717,1198
73.67,1920,-749,1264,-520
73.67,-808,666,-1450,2524
73.67,256,-398,1102,-754
73.67,205,-1100,-301,-1647
73.67,806,-492,270,277
73.67,392,1550,227,923
73.67,-919,-147,-490,1513
73.67,1489,236,618,-3811
73.67,116,-1571,-638,616
73.67,1445,187,272,-619
73.67,1239,-1167,764,3372
73.67,-1249,461,61,-3841
73.67,-444,-793,1068,-1206
73.67,1093,1310,-519,-797
73.67,882,-403,1458,-702
73.67,-1443,-571,-974,371
73.67,-1128,-925,487,2810
73.67,535,1443,-653,-1117
73.67,-618,-303,-839,-864
73.67,686,108,1309,-48
73.67,2424,-1115,1163,577
73.67,111,-1203,-363,-2011
73.67,1895,-145,-801,-1058
73.67,-900,-1723,1107,1657
73.67,1829,9,633,70
73.67,-893,240,-225,538
73.67,-775,-2108,-388,23
73.67,-715,639,2120,-936
73.67,520,-175,-1117,415
73.67,349,3,380,932
73.67,-1794,-543,-613,628
73.67,-146,422,165,-231
73.67,863,-1245,342,-147
73.67,-1373,818,-199,-284
73.67,357,209,663,-2733
73.67,1130,56,-1536,-90
73.67,-949,-520,-1383,-1201
73.67,1239,1661,835,994
73.67,-67,-2,948,-1015
73.67,-1413,1547,606,-502
73.67,281,86,428,-1451
73.67,-348,522,-1565,-278
73.67,663,768,236,-2060
73.67,-456,-1249,799,1665
73.67,406,583,-251,-150
73.67,2170,1865,-172,-1080
73.67,366,-1980,-90,-716
73.67,-604,-7,1195,-1080
73.67,1888,-1898,344,-466
73.67,-914,258,-793,1314
73.67,298,-694,-592,-1167
73.67,-606,-946,304,-236
73.67,-300,-3073,-331,-401
73.67,1287,481,-324,-2454
73.67,1759,-1000,679,569
73.67,-1122,-464,1014,117
73.67,1037,810,-467,862
73.67,-739,2691,597,-1061
73.67,-1397,-2342,-695,-375
73.67,-547,1699,-1322,-1806
73.67,-275,-2479,-1488,1908
73.67,-254,-927,713,-583
73.67,54,594,-854,-575
73.67,469,154,152,1379
73.67,-1025,-861,-1996,21
73.67,252,-176,1057,-138
73.67,596,697,735,1120
73.67,2019,1380,674,334
73.67,-480,692,229,327
73.67,-323,1367,-284,-1632
73.67,592,516,413,-1839
73.67,1462,862,1298,-92
73.67,-1648,-836,-1036,-779
73.67,1267,170,205,-987
73.67,-310,-957,-1197,-1839
73.67,-390,-2117,985,63
73.67,-496,1089,-1413,-203
73.67,-67,792,569,-1437
73.67,-144,65,-2006,-559
73.67,841,-821,-508,-1480
73.67,-491,-882,137,148
73.67,-536,511,2137,-1208
73.67,275,-1606,-369,369
73.67,-361,2535,340,-282
73.67,806,-1119,-756,-2328
73.67,1445,-562,-892,312
73.67,-1125,-2634,-83,773
73.67,493,711,210,63
73.67,461,-792,-1423,528
73.67,-2244,-649,-231,27
73.67,2007,-2106,-159,443
73.67,-231,188,628,-502
73.67,-838,1975,577,-1037
73.67,-643,781,-107,-1087
73.67,-499,487,197,-1087
73.67,1505,-731,-824,344
73.67,-935,-1125,1014,1988
73.67,-257,-235,-355,-1264
73.67,721,1078,-1015,-66
73.67,1668,489,54,-714
73.67,-62,-1777,161,-1846
73.67,-408,154,362,1608
73.67,-122,-142,-1098,-857
73.67,-351,-3819,739,1293
73.67,-2158,413,-1252,-915
73.67,62,-385,-1317,271
73.67,927,-147,-270,-285
73.67,-571,264,2756,119
73.67,147,-1213,-348,-261
73.67,274,67,-97,-919
73.67,-2594,-1064,-1215,2078
73.67,37,-965,-132,-627
73.67,738,297,1025,-1434
73.67,768,-1560,-537,-1824
73.67,-2462,514,134,-410
73.67,1241,-1352,1250,-968
73.67,-1918,-632,-329,2498
73.67,304,-927,-1549,525
73.67,257,352,225,280
73.67,381,-132,-96,-2506
73.67,750,-45,7,504
73.67,-574,-1805,-155,668
73.67,-66,517,271,123
73.67,-940,-715,-1763,-522
73.67,-83,-131,686,-190
73.67,566,570,220,620
73.67,-208,-1965,-513,-70
73.67,-254,291,-563,-519
73.67,604,-718,-921,-375
73.67,-2030,-971,344,-420
73.67,206,1101,8,272
73.67,128,-1549,-1000,-300
73.67,-191,-378,-423,-2013
73.67,944,-219,-783,546
73.67,310,1680,-331,-1811
73.67,432,-691,1008,1409
73.67,486,-376,-982,-227
73.67,-137,-1006,-441,-237
73.67,-1096,-275,-1641,221
73.67,-8,1727,-707,-1148
73.67,-2135,-1229,-585,-93
73.67,69,1237,292,-1249
73.67,1354,1428,-658,-2
73.67,862,-806,1274,1155
73.67,-970,-1202,-907,-31
73.67,2162,-2323,877,-52
73.67,-1680,-158,31,280
73.67,782,833,-993,-482
73.67,-137,-226,656,559
73.67,-141,1047,-1336,-893
73.67,-238,-591,-867,-31
73.67,-707,2030,-1210,-2124
73.67,724,613,1459,451
73.67,-795,-241,-1010,-207
73.67,505,-1033,-407,2733
73.67,-1479,837,-154,-2449
73.67,2042,-1354,-18,1952
73.67,-2975,648,-240,-1254
73.67,1091,-753,-290,1355
73.67,-463,-278,-291,-316
73.67,-894,-1711,485,-2411
73.67,-1058,-901,1015,-327
73.67,2056,-567,225,-720
73.67,-1412,1232,-1061,942
73.67,405,-817,365,969
73.67,-713,-196,-378,846
73.67,-752,383,-998,-2744
73.67,1032,925,270,1151
73.67,-151,-1811,-806,45
73.67,826,1557,919,1493
73.67,1261,-2344,-783,-402
73.67,-723,-1328,-2719,-1042
73.67,-602,443,729,304
73.67,326,-1317,-765,-168
73.67,-912,1089,-1200,413
73.67,-150,1801,438,-649
73.67,717,-1897,49,-1108
73.67,417,1611,-998,1110
73.67,337,201,1533,-87
73.67,-1897,-2029,1249,251
73.67,2788,1395,-713,-1072
73.67,-181,-1225,-1116,-1748
73.67,438,-1409,2458,-1449
73.67,-665,-300,-1327,358
73.67,2033,-3558,463,2038
73.67,-1531,124,-450,-1877
73.67,-745,510,-516,2093
73.67,241,1766,801,2317
73.67,252,-406,-830,336
73.67,-248,-2016,-882,-314
73.67,875,723,-1915,-1018
73.67,-1003,927,1755,281
73.67,-769,-1143,77,-1423
73.67,626,-601,-1626,1111
73.67,-982,1923,-320,-927
73.67,-367,-657,237,-313
73.67,-413,-622,-706,-745
73.67,-754,-776,-2104,-2557
73.67,624,1603,2190,402
73.67,-2067,-1707,526,1768
73.67,458,-1804,483,102
73.67,-583,-1186,580,-1597
73.67,-571,-1428,179,-520
73.67,-3,-683,-131,523
73.67,626,-129,-1518,494
73.67,1204,1619,356,-1393
73.67,-72,-566,-694,475
73.67,-1062,392,512,939
73.67,822,-607,815,910
73.67,1365,-798,-1581,-76
73.67,-1082,88,494,-1055
73.67,687,-1599,99,-993
73.67,-1814,-1787,-1377,-151
73.67,199,-12,333,-1036
73.67,-2083,-1040,-1094,606
73.67,560,553,244,1222
73.67,682,-974,38,-247
73.67,-242,895,-458,-2194
73.67,-378,-1882,1203,405
73.67,-961,-1366,-278,-179
73.67,-536,1580,-622,157
73.67,1236,-241,-1673,-706
73.67,-122,-533,1155,595
73.67,-162,-904,-634,-281
73.67,-216,875,863,834
73.67,-43,703,-2043,-338
73.67,855,570,-376,-832
73.67,-1333,-38,-722,-2455
73.67,-49,-2669,-599,-1417
73.67,542,-125,-1083,135
73.67,406,-92,-2119,-217
73.67,858,332,669,-1089
73.67,470,124,-857,-1172
73.67,75,841,605,370
73.67,-531,549,-878,-522
73.67,-1352,0,-543,996
73.67,1236,-1911,121,-430
73.67,-1864,1734,1121,-1446
73.67,572,-454,49,-1581
73.67,2,170,-301,-730
73.67,-311,92,508,1663
73.67,-67,-354,76,-174
73.67,685,423,-352,-10
73.67,209,-872,-654,-37
73.67,-982,-603,-276,750
73.67,-415,-934,-1090,-1271
73.67,447,1497,529,938
73.67,-429,255,-2152,1672
73.67,-1508,-2603,227,-523
73.67,1781,-971,1479,935
73.67,-539,1567,-150,-1240
73.67,-1754,2592,-933,-1150
73.67,1522,-1720,-130,1559
73.67,-275,-318,-755,816
73.67,178,537,-1320,-1300
73.67,-775,1985,-996,88
73.67,102,-557,-801,-1441
73.67,-1114,-436,716,-1142
73.67,-189,-1554,-462,-43
73.67,48,155,-306,-1829
73.67,1361,-1094,-326,-448
73.67,-1789,-604,1083,-785
73.67,295,1223,-591,1355
73.67,-109,531,-655,-560
73.67,-980,179,-156,-1896
73.67,467,300,1808,-233
73.67,-245,-1527,128,-225
73.67,-875,198,-1907,-957
73.67,-560,1278,-1434,453
73.67,1110,-389,1717,582
73.67,-1706,573,372,-1762
73.67,664,491,248,307
73.67,-431,-732,10,-453
73.67,-426,-548,-1782,335
73.67,-707,596,1296,148
73.67,-1066,-478,-2236,1161
73.67,-182,1392,1148,-1405
73.67,587,-1147,-375,1698
73.67,-548,55,-434,-1311
73.67,1123,-1459,-2359,463
73.67,2021,-547,1039,-1034
73.67,-730,84,1508,1
73.67,-1755,-1032,-104,1149
73.67,-560,-44,-662,-1101
73.67,309,-1040,1009,-2829
73.67,-1048,405,-498,432
73.67,-599,-1421,-549,-2202
73.67,9,4,510,1427
73.67,-154,437,-346,-90
73.67,-1336,-324,-688,-873
73.67,-971,689,-527,53
73.67,181,769,-334,-360
73.67,-992,-709,-301,-2039
73.67,37,-1564,272,2446
73.67,114,-4,655,1801
73.67,-1436,1928,487,-825
73.67,-2488,68,-1329,68
73.67,1608,-2094,-145,132
73.67,484,1167,1234,-1620
73.67,-1423,-608,-802,-233
73.67,453,818,-831,-2313
73.67,-1998,1439,995,827
73.67,475,-951,460,437
73.67,529,-116,537,-912
73.67,1672,321,2083,3105
73.67,-559,-1721,480,-1682
73.67,-1342,-384,-916,-1597
73.67,-313,1782,-1090,42
73.67,-114,-484,-299,152
73.67,-1000,-1366,-880,-751
73.67,-1159,735,72,-1534
73.67,-150,-399,891,77
73.67,-2312,919,-282,-1843
73.67,417,-1097,1383,-805
73.67,909,1694,1753,1660
73.67,-271,-345,156,-851
73.67,100,-235,-59,-838
73.67,139,-745,378,-345
73.67,-656,-137,-1242,362
73.67,441,-696,-1054,-307
73.67,-902,1036,-1286,-1688
73.67,1723,2152,237,-821
73.67,-473,-769,2063,426
73.67,132,76,-247,-1069
73.67,-1485,1472,-4,485
73.67,1501,578,-757,-1284
73.67,-598,-580,-1113,1371
73.67,1629,1542,1135,-825
73.67,-1738,-1880,1086,405
73.67,-301,713,979,-1633
73.67,285,-627,-1228,-1652
73.67,300,447,-181,2103
73.67,-1280,539,-155,98
73.67,-5,1113,1476,-138
73.67,-1376,1006,-1646,-1391
73.67,689,1159,-437,-2110
73.67,459,-1771,259,1168
73.67,135,-1367,292,1103
73.67,-309,1556,-379,262
73.67,-9,-1168,-436,-851
73.67,-949,-396,1946,530
73.67,-1758,-1812,-854,-1890
73.67,4,360,-125,1037
73.67,-959,197,-1017,-1916
73.67,558,1795,-1027,-1461
73.67,-987,-733,1121,289
73.67,1503,-998,-436,1481
73.67,-1611,120,-1261,-1006
73.67,170,-1194,913,-558
73.67,-421,1342,601,-396
73.67,32,665,-267,-328
73.67,-583,-151,125,-340
73.67,-544,-2587,1521,-1692
73.67,1019,386,-4,783
73.67,98,1431,-75,120
73.67,1201,594,-240,2231
73.67,-91,-104,-1243,-1775
73.67,-1088,284,309,-2023
73.67,632,-304,958,1073
73.67,-884,806,-77,-1897
73.67,-179,-1182,-95,-155
73.67,1744,-904,-330,1940
73.67,-326,-29,-532,-1279
73.67,-1012,1735,35,-50
73.67,-1103,-282,-825,734
73.67,1168,-2172,290,-998
73.67,-1183,209,-709,-73
73.67,1225,-192,19,-1076
73.67,-454,137,270,-745
73.67,5,721,1124,86
73.67,-403,-1386,242,539
73.67,-996,523,553,-2211
73.67,-638,-478,-3138,291
73.67,-194,1935,1229,635
73.67,-24,166,-606,1103
73.67,323,296,507,-1729
73.67,347,581,-450,999
73.67,-937,-205,1068,-1373
73.67,222,-1327,780,364
73.67,-1314,-2148,-134,-883
73.67,872,3195,65,1813
73.67,-647,-766,235,-1180
73.67,363,375,711,866
73.67,709,-73,1400,-3064
73.67,348,-409,-1749,2370
73.67,82,-925,-42,823
73.67,690,-2934,-63,-602
73.67,-42,3675,-1712,2274
73.67,-892,-377,810,-715
73.67,1004,-575,-592,1954
73.67,-545,-677,-183,-636
73.67,-173,-1307,-1057,-84
73.67,-278,2333,-866,666
73.67,1127,205,-579,52
73.67,-850,695,465,-1231
73.67,-955,1366,-626,-1361
73.67,-1007,385,-179,-1778
73.67,280,-1814,778,1881
73.67,529,479,25,962
73.67,1454,1849,-936,-613
73.67,103,-931,1580,1045
73.67,-568,-1154,1153,1129
73.67,699,-595,-227,2076
73.67,1012,-352,-476,-1972
73.67,-322,2143,594,-568
73.67,292,130,819,211
73.67,-975,-1156,152,1385
73.67,501,1222,264,229
73.67,-574,384,-1333,953
73.67,-88,2866,-205,-151
73.67,-1265,-620,95,-1741
73.67,-81,506,717,-591
73.67,720,792,-911,-2809
73.67,2184,1658,-1379,1913
73.67,253,1382,1210,-785
73.67,-593,213,-402,-1156
73.67,-847,-815,201,2012
73.67,1426,289,-801,1950
73.67,166,101,-638,124
73.67,-436,139,-308,532
73.67,411,-822,700,-1473
73.67,776,-447,-380,272
73.67,247,789,1096,-1429
73.67,-517,660,135,857
73.67,1082,1918,239,-256
73.67,-1122,-1533,-506,942
73.67,-362,302,827,-499
73.67,235,1456,624,-437
73.67,1063,355,-976,-1529
73.67,562,2117,-399,191
73.67,-916,-264,584,1291
73.67,-568,1089,392,-1049
73.67,874,-3005,106,2190
73.67,-269,-407,535,-2504
73.67,28,300,604,-284
73.67,42,990,-746,503
73.67,-12,-473,-1162,-2398
73.67,1210,-503,262,-617
73.67,-2240,608,-532,-1055
73.67,-730,427,438,1450
73.67,-1339,-1106,589,97
73.67,94,488,1613,1748
73.67,953,309,99,87
73.67,-382,1186,1196,-870
73.67,650,1218,-1101,1539
73.67,1060,-1089,125,-2412
73.67,-103,2889,-172,1560
73.67,-358,1630,216,-720
73.67,950,-1203,1750,1235
73.67,-119,966,-1460,-745
73.67,881,-1570,1420,-148
73.67,-790,-1750,-696,-187
73.67,1566,1407,90,1583
73.67,-1857,-585,873,314
73.67,-557,409,-56,1277
73.67,-112,601,-77,1166
73.67,580,270,1466,657
73.67,145,2381,536,-160
73.67,-71,1306,716,1415
73.67,549,-1468,-516,-318
73.67,1623,142,-380,1127
73.67,-440,972,913,-487
73.67,560,581,-415,-677
73.67,-500,-656,-1467,465
73.67,-70,1093,-85,511
73.67,-449,996,-757,-201
73.67,-1246,1662,159,-1229
73.67,239,250,-136,1148
73.67,-709,643,2268,1181
73.67,681,-108,-1443,72
73.67,-972,-1846,-1838,613
73.67,534,836,561,-4299
73.67,80,227,583,291
73.67,-869,550,975,-2433
73.67,910,1479,-685,1486
73.67,869,-1057,-185,24
73.67,1026,592,-355,589
73.67,-1331,791,353,1417
73.67,639,-519,854,270
73.67,848,840,362,314
73.67,2641,2506,309,-987
73.67,151,-371,1265,-1453
73.67,-1490,-609,-1034,-962
73.67,-713,1111,221,1501
73.67,1059,1321,2704,577
73.67,-1205,-423,-1467,-837
73.67,830,95,-499,634
73.67,474,-898,323,557
73.67,1340,-136,1790,1342
73.67,-62,88,870,435
73.67,2033,-1139,644,-61
73.67,1947,-13,-811,-1449
73.67,-1378,982,-15,756
73.67,59,1700,1183,-370
73.67,727,154,1763,472
73.67,-1128,-1999,-2032,2737
73.67,-557,-711,-531,-156
73.67,2880,-702,-688,-1701
73.67,612,1727,1720,-2398
73.67,1324,-675,1542,1154
73.67,-168,1618,430,1471
73.67,-1285,965,938,1349
73.67,1139,1733,-1402,130
73.67,459,1055,-350,-339
73.67,1125,-590,-2051,2026
73.67,296,2504,-382,-223
73.67,234,-1055,499,302
73.67,-627,998,-268,-204
73.67,1274,-391,-81,-626
73.67,-312,-1252,-1189,803
73.67,-1271,620,1992,1808
73.67,1010,-213,524,-2322
73.67,763,100,-498,1510
73.67,-211,3298,849,-720
73.67,358,-2314,1831,488
73.67,-278,2451,-840,-317
73.67,486,2113,1867,-1
73.67,1414,-500,-1077,2893
73.67,-1281,905,1524,46
73.67,-25,1224,-1263,152
73.67,846,-411,1295,481
73.67,-58,-616,-62,-3404
73.67,-652,613,-576,474
73.67,706,-1564,518,1811
73.67,31,1373,816,-813
73.67,1274,1623,-1834,1926
73.67,1924,-1041,309,-953
73.67,-710,1325,690,379
73.67,-1160,-129,1134,-584
73.67,539,1483,137,-1092
73.67,-869,384,343,-751
73.67,-347,2896,-1165,4039
73.67,1017,-383,-439,-1467
73.67,-218,-25,1689,1127
73.67,520,2562,-117,-157
73.67,1377,955,827,-511
73.67,-935,549,36,370
73.67,-450,1147,127,2577
73.67,525,-512,35,1154
73.67,-125,1363,-106,-1606
73.67,445,-1098,921,833
73.67,-1069,-924,233,-660
73.67,-582,1019,-566,-499
73.67,396,-1399,1543,854
73.67,-1437,1064,-248,776
73.67,668,1070,-565,-964
73.67,766,-986,-1212,-231
73.67,-201,-732,1284,-610
73.67,-59,3069,-1972,962
73.67,971,-2771,-124,489
73.67,-2392,2246,641,-443
73.67,1125,326,-645,2709
73.67,1897,-1834,-1416,211
73.67,553,73,615,-313
73.67,-125,-1344,6,-879
73.67,-299,27,451,-1098
73.67,163,3015,602,-451
73.67,1177,1799,-459,-924
73.67,-156,-1102,-463,87
73.67,582,1293,-55,-2485
73.67,1029,251,1034,532
73.67,364,212,-1282,690
73.67,-809,531,-1259,712
73.67,839,1467,1355,-1303
73.67,1698,-1412,-738,2095
73.67,937,-689,8,-288
73.67,5,-345,1236,630
73.67,1121,2393,-1068,1510
73.67,152,641,215,784
73.67,579,-1205,-900,-2214
73.67,-513,667,1305,1045
73.67,-204,-1345,329,1295
73.67,1288,1194,-179,-2236
73.67,1608,-84,923,-1446
73.67,-46,-312,1254,-463
73.67,2115,920,-1104,-895
73.67,-35,978,1198,1907
73.67,-621,1127,-1273,1676
73.67,1869,-975,-218,1053
73.67,-924,655,153,-481
73.67,168,-309,88,153
73.67,187,-882,-580,1422
73.67,-153,342,1003,1212
73.67,2401,-813,676,244
73.67,878,-703,-718,772
73.67,1391,1719,88,-1577
73.67,-1108,1237,-760,54
73.67,1633,-1177,451,-1568
73.67,774,-325,-170,1651
73.67,216,1863,553,834
73.67,-371,-472,1377,738
73.67,345,-1324,1558,-618
73.67,-826,1017,74,-836
73.67,-92,-698,1230,940
73.67,-27,1782,-297,-1622
73.67,833,1237,1800,903
73.67,737,-700,259,-1518
73.67,665,-510,-196,1890
73.67,180,-1547,158,-1068
73.67,446,1557,-340,1908
73.67,851,-1110,-709,2247
73.67,2155,1970,1349,-931
73.67,119,766,-1465,-250
73.67,846,738,825,-108
73.67,-243,447,661,-2005
73.67,-550,-106,6,1300
73.67,163,45,-763,-1355
73.67,698,201,1228,1268
73.67,811,798,523,-1619
73.67,244,121,-500,323
73.67,-856,1854,2169,-213
73.67,497,-811,-1057,1922
73.67,-921,972,-303,-38